brand,total_posts,score_mean,score_median,score_std,score_min,score_max
Apple,82682,3.929416317941027,1.0,35.45235960681909,-259.0,5753.0
Beats,544,2.556985294117647,1.0,10.546069542330937,-11.0,157.0
Bose,27916,2.076300329560109,1.0,11.852550254267284,-37.0,1354.0
JBL,24687,2.1279215781585448,1.0,11.095407987590633,-39.0,537.0
Samsung,91752,2.4144650797802774,1.0,25.72506214313939,-48.0,6601.0
Sennheiser,39704,3.6894519443884746,1.0,25.058392849993908,-197.0,2312.0
Sony,35227,2.1331649019218215,1.0,12.784179906227182,-67.0,991.0
