score_bin,num_posts,avg_comments,median_comments,max_comments
0-1,420127,7.2661837968043,1,9254
2-5,33679,8.439146055405445,4,1667
6-10,9493,17.902875803223427,10,1094
11-25,10417,23.331285398867237,14,482
26-50,7264,31.73761013215859,18,2676
51-100,6663,46.85171844514483,28,753
100+,20341,224.54530259082642,101,17464
