period,total_posts,avg_score
Pre-Launch,4443,2.065271213144272
Post-Launch,13981,4.91102210142336
