hour_posted,num_posts,avg_comments,avg_score,median_comments
0,20732,17.682471541578238,64.84666216476944,1
1,19952,17.45970328789094,58.32843825180433,1
2,19252,15.528724288385622,44.83253687928527,1
3,17880,13.357997762863535,34.88333333333333,1
4,17244,15.91562282533055,32.05770122941313,1
5,15564,12.903880750449757,30.272230789000258,1
6,14741,10.927277660945661,29.285733668000812,1
7,14109,10.517967254943652,32.347721312637326,1
8,13967,11.772535261688265,37.65626118708384,1
9,15182,13.023514688446845,44.32011592675537,1
10,16915,17.67661838604789,47.35406443984629,1
11,17571,20.97985316715042,77.77474247339366,1
12,19519,23.16763153850095,85.63548337517291,1
13,22353,22.446383035834117,74.30734129647027,1
14,25210,23.504879016263388,77.14922649742165,1
15,27490,19.175300109130593,68.34663514005092,1
16,27623,19.608188828150453,56.61170039459871,1
17,29710,17.050891955570513,54.03423089868731,1
18,28925,18.285738980121003,54.32518582541054,1
19,27377,16.61854841655404,51.95554662673047,1
20,26315,17.304503135094052,56.68158844765343,1
21,25241,16.504021235291788,52.49114535874173,1
22,23209,18.110732905338445,65.71851436942565,1
23,21903,18.025430306350728,60.343331963657945,1
