,score,title_length,hour_posted,day_of_week,has_selftext,is_nsfw,actual_comment_count
score,1.0,0.05249656481662627,0.006553671101178044,0.0005793778616866313,-0.10586556392467103,-0.0030436098464361604,0.6851556172272745
title_length,0.05249656481662627,1.0,-0.010171313488024806,0.003146680628547478,-0.36108825469402805,0.007786513422709315,0.06101012231681761
hour_posted,0.006553671101178044,-0.010171313488024806,1.0,-0.01361799164758219,0.000537129681808594,0.00023083551079781966,0.009769437086495329
day_of_week,0.0005793778616866313,0.003146680628547478,-0.01361799164758219,1.0,-0.013578617228813157,-0.00040725829081801406,-0.0018979900254912235
has_selftext,-0.10586556392467103,-0.36108825469402805,0.000537129681808594,-0.013578617228813157,1.0,-0.04801482333854197,-0.1278046612962498
is_nsfw,-0.0030436098464361604,0.007786513422709315,0.00023083551079781966,-0.00040725829081801406,-0.04801482333854197,1.0,-0.005972485477089915
actual_comment_count,0.6851556172272745,0.06101012231681761,0.009769437086495329,-0.0018979900254912235,-0.1278046612962498,-0.005972485477089915,1.0
