title_length_bin,num_posts,avg_comments,avg_score
0-30,151578,6.76344852155326,9.207523519244218
31-60,215297,14.90172180754957,31.38699099383642
61-90,90781,32.49763717077362,133.9787510602439
91-120,24887,34.196046128500825,149.61333226182344
120+,25441,32.445108289768484,165.74623639007902
