hour,post_count,avg_score
0,190837,9.713645676676954
1,186317,9.130401412646188
2,178885,9.415317103166839
3,166747,8.74136266319634
4,147774,7.164271116705239
5,131066,7.216165901149039
6,116211,7.329426646358779
7,103651,6.27821246297672
8,95341,7.358460683231768
9,92083,6.811767644407762
10,101388,7.8854992701305875
11,126056,9.449474836580567
12,161985,10.710788035929253
13,202759,10.525421806183695
14,234205,10.403637838645631
15,247387,9.534009466948547
16,250835,9.277716427133374
17,251080,8.708463437948064
18,247456,8.844352127246864
19,236942,8.629542250846198
20,228757,8.756567012157005
21,219503,9.096399593627423
22,208176,9.29627334563062
23,198191,9.926005721753258
