day_of_week,num_posts,avg_comments,avg_score,median_comments,day_name
1,66714,16.545058008813744,51.067227268639265,1,Sunday
2,72893,17.85672149589124,57.192954055945016,1,Monday
3,75530,18.21002250761287,53.989037468555544,1,Tuesday
4,77255,17.83888421461394,56.9175328457705,1,Wednesday
5,76475,18.12563582870219,61.16955867930697,1,Thursday
6,72758,17.380535473762336,57.55206300338107,1,Friday
7,66359,15.82954836570774,50.33151494145481,1,Saturday
