feature,importance
posting_hour_variance,0.39430607890623925
activity_span_days,0.17945313399759644
active_days,0.15725915117682984
text_length_variance,0.09242771938340925
total_comments,0.07617714139133816
comments_per_day,0.047077825239150245
score_variance,0.02876420473471957
upvoted_comments,0.009802003339199885
subreddit_diversity,0.00578461442780384
upvote_rate,0.004134893838017266
short_comment_rate,0.0019684116255256007
avg_posting_hour,0.0015770084413677778
avg_comment_length,0.0007778655162532468
avg_comment_score,0.0004899479825495364
