accuracy,precision,recall,f1,auc_roc,auc_pr
0.9951502050770424,0.995183871341676,0.9951502050770424,0.9951522757300071,0.9998105829664345,0.999862544934215
