model,accuracy,precision,recall,f1,auc_roc,auc_pr
Model 1 (Content-Only),0.8994702234104245,0.8762065893320287,0.8994702234104245,0.8528956367396398,0.8241387693711832,0.2990139680154558
Model 2 (Content + Early Comments),0.8994800522896375,0.8762216216664944,0.8994800522896375,0.8529380428634116,0.8238781358573956,0.3002030680478179
