Feature_Group,Model_1_Relative,Model_2_Relative,Model_1_Absolute,Model_2_Absolute
Early_Comments,0.0,74.51020829036915,0.0,0.3613
TF-IDF,55.00000000000001,14.019385440296972,0.06798000000000001,0.06798000000000001
Subreddit,30.0,7.646937512889256,0.03708,0.03708
Temporal,10.0,2.5489791709630856,0.012360000000000001,0.012360000000000001
Text_Length,5.0,1.2744895854815428,0.006180000000000001,0.006180000000000001
