subreddit,n_samples,MSE,avg_true_log_score,avg_pred_log_score,RMSE
bluetooth,101,0.08258504193926654,0.7063568672924293,0.9233244005428635,0.28737613321093064
audio,615,0.0978191435113137,0.7426334518279777,0.8373163806459638,0.31276052102417545
Earbuds,2239,0.13908928755744937,0.7779194610605568,0.8005010523202035,0.37294676236354346
sony,1831,0.15521499949419978,0.7702638268959543,0.8178670838380748,0.39397334871054385
JBL,1543,0.24032479088211442,0.8207175160725815,0.8644914132860535,0.49022932478801634
bose,1395,0.30627118472192366,0.9135644670731949,0.9353120015187242,0.5534177307621465
apple,542,0.5929316629354179,0.8573931293616154,0.8609850091236898,0.7700205600731826
airpods,4249,0.6277485301726305,0.9146354898885931,0.8950732288334171,0.7923058312120582
samsung,570,0.8623182767735994,1.1094205764581189,0.9477832945494667,0.9286109394001341
audiophile,625,0.9245416951895966,1.032656132383571,0.9703110741365312,0.9615309122381852
BuyItForLife,81,0.9373361007163364,1.1275659251552184,1.1686612558949827,0.9681611956261914
GooglePixel,753,0.9919176087113662,1.0531620692519292,0.9431363263791238,0.9959506055580097
headphones,8571,1.0249402024132956,1.0584873386203424,1.0314469542745273,1.0123933042120021
Android,121,1.1556217994063114,1.1157445829434318,0.887357262484811,1.074998511350742
running,74,1.5702126643353516,1.6340715707195848,1.5533611081831264,1.2530812680490246
Costco,53,2.9182707042129996,1.1179119094747005,1.082293060033496,1.7082946772184826
technology,84,3.531188886472814,1.4995378937537989,1.08896254479585,1.8791457863808263
gadgets,59,5.264761855291241,1.8140251523631776,1.1186771874204469,2.294506887174506
