subreddit,n_samples,MSE,avg_true_log_score,avg_pred_log_score,RMSE
bluetooth,128,0.035991773379938904,0.7067381451543908,0.8226018240856265,0.18971497932408737
audio,628,0.07920851849844962,0.7316393533121636,0.7923603612685652,0.2814400797655686
Earbuds,2285,0.12809916170060529,0.7713141460072271,0.8096659559330491,0.35790943225990185
sony,1881,0.20376668963956263,0.7867986502867864,0.7973520598788425,0.45140523882600503
JBL,1462,0.21149988163624056,0.8308062895829249,0.843816800130031,0.4598911628159869
bose,1359,0.3512926257915804,0.9494894201484534,0.8799353693156351,0.5926994396754399
airpods,4278,0.3527387734862355,0.913564795082973,0.9094151754643366,0.5939181538614858
apple,563,0.3997049045316023,0.873034759073286,0.8299566150993485,0.6322221955385641
samsung,594,0.4338579121994452,1.0506113402426416,1.0331586304311096,0.6586789143425233
GooglePixel,722,0.4720496722088489,1.0288165636742381,1.004791635112899,0.687058710889287
headphones,8500,0.4927357545394557,1.023975332365914,1.0226907308445643,0.7019513904391498
Android,120,0.5719040427757075,1.0916492812302403,0.9348520183660417,0.7562433753598821
audiophile,668,0.6355960236094658,1.0639456408985124,0.9652034650695084,0.7972427632844752
BuyItForLife,82,0.9359526695613563,1.6409060679494605,1.4876120199444671,0.9674464685766113
technology,80,1.0170144361284386,1.451372667507111,1.30266462271698,1.0084713362949085
running,70,1.2486419627850842,1.540639214757444,1.512868072429452,1.1174264909984388
gadgets,48,1.9058922056837346,1.7598410357651995,1.6118403230384235,1.3805405483663762
Costco,47,2.7639015954555886,1.4289965615148974,1.564258309451637,1.6624986001364297
