brand,positive_count,negative_count,neutral_count,pos_neg_ratio
Apple,14876,5494,62312,2.7071883530482257
Beats,188,30,326,6.064516129032258
Bose,7300,2515,18101,2.901430842607313
JBL,5379,1695,17613,3.171580188679245
Samsung,19261,14672,57819,1.3126831595447421
Sennheiser,8866,1578,29260,5.614946168461051
Sony,8607,2065,24555,4.166021297192643
