keyword,period,mentions,total_posts,mention_rate
usb-c,Pre-Launch,269,4443,6.0544677020031505
usb-c,Post-Launch,1001,13981,7.159716758457907
usb c,Pre-Launch,269,4443,6.0544677020031505
usb c,Post-Launch,1001,13981,7.159716758457907
lightning,Pre-Launch,97,4443,2.183209543101508
lightning,Post-Launch,358,13981,2.5606179815463848
upgrade,Pre-Launch,137,4443,3.0835021381949135
upgrade,Post-Launch,354,13981,2.53200772476933
worth it,Pre-Launch,76,4443,1.7105559306774702
worth it,Post-Launch,256,13981,1.8310564337314927
lossless,Pre-Launch,62,4443,1.3954535223947784
lossless,Post-Launch,166,13981,1.1873256562477648
vision pro,Pre-Launch,41,4443,0.9227999099707405
vision pro,Post-Launch,93,13981,0.6651884700665188
charging port,Pre-Launch,3,4443,0.0675219446320054
charging port,Post-Launch,21,13981,0.15020384807953652
usb type c,Pre-Launch,4,4443,0.09002925950934053
usb type c,Post-Launch,9,13981,0.0643730777483728
