period,avg_sentiment,total_posts
Pre-Launch,0.20233218546027468,4443
Post-Launch,0.25944657749803296,13981
