keyword,Post-Launch,Pre-Launch,change_pct
charging port,0.15020384807953652,0.0675219446320054,122.45189900579356
usb c,7.159716758457907,6.0544677020031505,18.255098727986923
usb-c,7.159716758457907,6.0544677020031505,18.255098727986923
lightning,2.5606179815463848,2.183209543101508,17.286862804232864
worth it,1.8310564337314927,1.7105559306774702,7.044522829855551
lossless,1.1873256562477648,1.3954535223947784,-14.914711440180344
upgrade,2.53200772476933,3.0835021381949135,-17.88532612299173
vision pro,0.6651884700665188,0.9227999099707405,-27.916283597425775
usb type c,0.0643730777483728,0.09002925950934053,-28.49760389099491
