brand,negative,neutral,positive
Apple,6.6447352507196245,75.3634406521371,17.991824097143272
Beats,5.514705882352941,59.92647058823529,34.55882352941176
Bose,9.0091703682476,64.84095142570568,26.14987820604671
JBL,6.86596184226516,71.34524243528982,21.788795722445013
Samsung,15.990932077774872,63.01660999215276,20.99245793007237
Sennheiser,3.9744106387265767,73.6953455571227,22.330243804150715
Sony,5.861980866948648,69.70505578107702,24.432963351974337
