year_month,period,avg_sentiment,count
2023-10,Post-Launch,0.21778429351121897,1649
2023-11,Post-Launch,0.23319680851063831,1504
2023-12,Post-Launch,0.2665129209621993,1455
2023-6,Pre-Launch,0.16710870813397133,1045
2023-7,Pre-Launch,0.23063539445628994,938
2023-8,Pre-Launch,0.19475064822817625,1157
2023-9,Pre-Launch,0.216938449731389,1303
2023-9,Post-Launch,0.22054713804713807,594
2024-1,Post-Launch,0.2696821979434448,1556
2024-2,Post-Launch,0.26088422436459247,1141
2024-3,Post-Launch,0.2955303352412103,1223
2024-4,Post-Launch,0.29297823255813954,1075
2024-5,Post-Launch,0.24374008733624455,1145
2024-6,Post-Launch,0.2627741407528641,1222
2024-7,Post-Launch,0.28568454481298516,1417
