feature,total_mentions,positive,negative,neutral,avg_sentiment
anc,5807,4277,1088,442,0.43685250559669275
battery,5942,3736,1534,672,0.2912678222820582
sound_quality,7905,6425,972,508,0.5747702593295396
comfort,4794,3814,795,185,0.5189154985398406
mic_quality,2949,2235,482,232,0.4178865038996283
connectivity,3800,2561,857,382,0.31623439473684284
durability,5084,3128,1520,436,0.2757541502753737
water_resistance,1427,908,364,155,0.3042004204625088
multipoint,200,135,46,19,0.3844834999999999
transparency,591,420,111,60,0.4123505922165827
touch_controls,229,158,42,29,0.41602314410480346
app,392,250,102,40,0.30141581632653075
case,190,102,56,32,0.17674210526315795
price,8796,6609,1434,753,0.45398268531150315
